"DESCRIPTION","DURATION IN MS","NAME","PARENT SUITE","START TIME","STATUS","STOP TIME","SUB SUITE","SUITE","TEST CLASS","TEST METHOD"
"","1458","User should see validation error when job experience role is empty","Account","2026-09-13","passed","2026-09-13","Empty Company Name","Candidate / Edit Profile / Experience","",""
"","2155","Job details should be visible","Jobs","2026-09-13","passed","2026-09-13","Job Details Is Visible","Guest","",""
"","2215","Pagination shouldn't be available","Jobs","2026-09-13","passed","2026-09-13","Pagination Is Not Available","Guest","",""
"","1293","User should see validation error when email is invalid","Auth","2026-09-13","passed","2026-09-13","Invalid Email","Sign Up / User","",""
"","2764","User should delete job experience","Account","2026-09-13","passed","2026-09-13","Delete Job Experience","Candidate / Edit Profile / Experience","",""
"","535","authenticate as recruiter","Auth Setup","2026-09-13","passed","2026-09-13","","auth.setup.ts","",""
"","1625","User should see validation error when job experience end date year has incorrect format","Account","2026-09-13","passed","2026-09-13","Invalid End Date Year","Candidate / Edit Profile / Experience","",""
"","2887","User should update achievements","Account","2026-09-13","passed","2026-09-13","Update Achievements","Candidate / Edit Profile / Bio","",""
"","1691","User should see validation error when core technical skills is empty","Account","2026-09-13","passed","2026-09-13","Empty Core Technical Skills","Candidate / Edit Profile / Role","",""
"","2002","User should see validation error when new password is empty","Account","2026-09-13","passed","2026-09-13","Empty New Passwrord","Recruiter / Account Settings","",""
"","1505","User should see validation error when job experience start date month is empty","Account","2026-09-13","passed","2026-09-13","Empty Start Date Month","Candidate / Edit Profile / Experience","",""
"","1418","User should see validation error when Behance is invalid","Account","2026-09-13","passed","2026-09-13","Incorrect Behance","Candidate / Edit Profile / Contacts","",""
"","4151","User should add job experience","Account","2026-09-13","passed","2026-09-13","Add Job Experience","Candidate / Edit Profile / Experience","",""
"","1599","User should update achievements","Account","2026-09-13","passed","2026-09-13","Empty Achievements","Candidate / Edit Profile / Bio","",""
"","4051","User should update location","Account","2026-09-13","passed","2026-09-13","Update Location","Candidate / Edit Profile / Expectations","",""
"","5631","Jobs should be filtered by company","Jobs","2026-09-13","passed","2026-09-13","Filter Jobs By Company","Guest","",""
"","1598","User should see validation error when job experience end date year is less than minimum","Account","2026-09-13","passed","2026-09-13","End Date Year Less Than Minimum","Candidate / Edit Profile / Experience","",""
"","1516","User should see validation error when email is incorrect","Auth","2026-09-13","passed","2026-09-13","Invalid Email","Sign In","",""
"","3002","User should update desired position","Account","2026-09-13","passed","2026-09-13","Update Desired Position","Candidate / Edit Profile / Role","",""
"","1203","User should see validation error when password is empty","Auth","2026-09-13","passed","2026-09-13","Empty Password","Sign In","",""
"","1633","User should see validation error when last name is empty","Account","2026-09-13","passed","2026-09-13","Empty Last Name","Recruiter / Edit Profile","",""
"","3940","User should update job experience","Account","2026-09-13","passed","2026-09-13","Update Job Experience","Candidate / Edit Profile / Expectations","",""
"","2314","User should login with valid credentials","Auth","2026-09-13","passed","2026-09-13","Valid Credentials","Sign In","",""
"","3073","Applying for a job shouldn't be available","Jobs","2026-09-13","passed","2026-09-13","Apply For Job Is Not Available","Guest","",""
"","1921","User should see validation error when desired monthly base salary is empty","Account","2026-09-13","passed","2026-09-13","Empty Desired Monthly Base Salary","Candidate / Edit Profile / Expectations","",""
"","1311","User should see validation error when email is empty","Auth","2026-09-13","passed","2026-09-13","Empty Email","Sign Up / User","",""
"","1427","User should see validation error when first name is empty","Account","2026-09-13","passed","2026-09-13","Empty First Name","Recruiter / Edit Profile","",""
"","1482","User should see validation error when first name is empty","Account","2026-09-13","passed","2026-09-13","Empty First Name","Candidate / Edit Profile / Contacts","",""
"","1570","User should see validation error when GitHub is invalid","Account","2026-09-13","passed","2026-09-13","Incorrect Git Hub","Candidate / Edit Profile / Contacts","",""
"","1783","User should see validation error when job experience start date is after end date","Account","2026-09-13","passed","2026-09-13","Start Date Year Is After End Date Year","Candidate / Edit Profile / Experience","",""
"","2831","User should update first name","Account","2026-09-13","passed","2026-09-13","Update First Name","Candidate / Edit Profile / Contacts","",""
"","2176","Newsletter should show error when email has incorrect format","Jobs","2026-09-13","passed","2026-09-13","Invalid Email Subscribe Newsletter","Guest","",""
"","4579","User should see validation error when core technical skills are fewer than minimum","Account","2026-09-13","passed","2026-09-13","Core Technical Skills Less Than Minimum","Candidate / Edit Profile / Role","",""
"","1484","User should see validation error when last name is empty","Account","2026-09-13","passed","2026-09-13","Empty Last Name","Candidate / Edit Profile / Contacts","",""
"","1123","authenticate as candidate","Auth Setup","2026-09-13","passed","2026-09-13","","auth.setup.ts","",""
"","2063","User should see validation error when repeat new password is mismatched","Account","2026-09-13","passed","2026-09-13","Mismatched Repeat New Password","Recruiter / Account Settings","",""
"","2235","Newsletter form should subscribe successfully with valid email","Jobs","2026-09-13","passed","2026-09-13","Valid Email Subscribe Newsletter","Guest","",""
"","7296","User should update core technical skills","Account","2026-09-13","passed","2026-09-13","Update Core Technical Skills","Candidate / Edit Profile / Role","",""
"","2549","User should see validation error when current password is incorrect","Account","2026-09-13","passed","2026-09-13","Incorrect Current Password","Candidate / Account Settings","",""
"","2833","User should update last name","Account","2026-09-13","passed","2026-09-13","Update Last Name","Candidate / Edit Profile / Contacts","",""
"","1216","User should see validation error when email is empty","Auth","2026-09-13","passed","2026-09-13","Empty Email","Sign In","",""
"","2979","User should update GitHub","Account","2026-09-13","passed","2026-09-13","Update Git Hub","Candidate / Edit Profile / Contacts","",""
"","1469","User should see validation error when job experience start date year is less than minimum","Account","2026-09-13","passed","2026-09-13","Start Date Year Less Than Minimum","Candidate / Edit Profile / Experience","",""
"","3293","User should update desired monthly base salary","Account","2026-09-13","passed","2026-09-13","Update Desired Monthly Base Salary","Candidate / Edit Profile / Expectations","",""
"","2581","User should update first name","Account","2026-09-13","passed","2026-09-13","Update First Name","Recruiter / Edit Profile","",""
"","1485","User should see validation error when Linkedin is invalid","Account","2026-09-13","passed","2026-09-13","Incorrect Linkedin","Candidate / Edit Profile / Contacts","",""
"","2785","User should update Linkedin","Account","2026-09-13","passed","2026-09-13","Update Linkedin","Candidate / Edit Profile / Contacts","",""
"","1619","User should see validation error when job experience start date year has incorrect format","Account","2026-09-13","passed","2026-09-13","Invalid Start Date Year","Candidate / Edit Profile / Experience","",""
"","2561","User should update company","Account","2026-09-13","passed","2026-09-13","Update Company","Recruiter / Edit Profile","",""
"","2797","User should update expectations from work","Account","2026-09-13","passed","2026-09-13","Update Expectations From Work","Candidate / Edit Profile / Bio","",""
"","2252","User should see validation error when repeat new password is mismatched","Account","2026-09-13","passed","2026-09-13","Mismatched Repeat New Password","Candidate / Account Settings","",""
"","3923","User should update desired roles","Account","2026-09-13","passed","2026-09-13","Update Desired Roles","Candidate / Edit Profile / Role","",""
"","2249","User should see validation error when new password is empty","Account","2026-09-13","passed","2026-09-13","Empty New Passwrord","Candidate / Account Settings","",""
"","2042","Jobs should be visible","Jobs","2026-09-13","passed","2026-09-13","Jobs Is Visible","Guest","",""
"","1598","User should see validation error when email is already taken","Auth","2026-09-13","passed","2026-09-13","Email Already Taken","Sign Up / User","",""
"","2880","User should update Behance","Account","2026-09-13","passed","2026-09-13","Update Behance","Candidate / Edit Profile / Contacts","",""
"","4056","User should update English level","Account","2026-09-13","passed","2026-09-13","Update English Level","Candidate / Edit Profile / Expectations","",""
"","1274","User should see validation error when password is empty","Auth","2026-09-13","passed","2026-09-13","Empty Password","Sign Up / User","",""
"","1551","User should see validation error when job experience role is empty","Account","2026-09-13","passed","2026-09-13","Empty Role","Candidate / Edit Profile / Experience","",""
"","1845","User should see validation error when desired position is empty","Account","2026-09-13","passed","2026-09-13","Empty Desired Position","Candidate / Edit Profile / Role","",""
"","2616","Jobs should be filtered by category","Jobs","2026-09-13","passed","2026-09-13","Filter Jobs By Category","Guest","",""
"","2206","User should see validation error when current password is incorrect","Account","2026-09-13","passed","2026-09-13","Incorrect Current Password","Recruiter / Account Settings","",""
"","2126","User should see validation error when current password is empty","Account","2026-09-13","passed","2026-09-13","Empty Current Password","Candidate / Account Settings","",""
"","2264","User should logout successfully","Auth","2026-09-13","passed","2026-09-13","Success Logout","Logout","",""
"","2005","User should see validation error when current password is empty","Account","2026-09-13","passed","2026-09-13","Empty Current Password","Recruiter / Account Settings","",""
"","1487","User should see validation error when company is empty","Account","2026-09-13","passed","2026-09-13","Empty Company","Recruiter / Edit Profile","",""
"","5447","User should change password successfully","Account","2026-09-13","passed","2026-09-13","Change Password","Candidate / Account Settings","",""
"","1654","User should see validation error when password is incorrect","Auth","2026-09-13","passed","2026-09-13","Invalid Password","Sign In","",""
"","2464","User should update last name","Account","2026-09-13","passed","2026-09-13","Update Last Name","Recruiter / Edit Profile","",""
"","2624","User should update role","Account","2026-09-13","passed","2026-09-13","Update Role","Recruiter / Edit Profile","",""
"","12995","User should register with valid required-only fields","Auth","2026-09-13","passed","2026-09-13","Valid Required Fields","Sign Up / Recruiter","",""
"","1369","User should see validation error when repeat password is empty","Auth","2026-09-13","passed","2026-09-13","Empty Repeat Password","Sign Up / User","",""
"","3964","User should change password successfully","Account","2026-09-13","passed","2026-09-13","Change Password","Recruiter / Account Settings","",""
"","1632","User should see validation error when role is empty","Account","2026-09-13","passed","2026-09-13","Empty Role","Recruiter / Edit Profile","",""
"","1733","User should see validation error when desired annual base salary is empty","Account","2026-09-13","passed","2026-09-13","Empty Desired Annual Base Salary","Candidate / Edit Profile / Expectations","",""
"","1636","User should see validation error when job experience start date year is empty","Account","2026-09-13","passed","2026-09-13","Empty Start Date Year","Candidate / Edit Profile / Experience","",""
"","1371","User should see validation error when email is invalid","Auth","2026-09-13","passed","2026-09-13","Mismatched Repeat Password","Sign Up / User","",""
"","15308","User should register with all valid fields","Auth","2026-09-13","passed","2026-09-13","All Valid Fields","Sign Up / Candidate","",""
"","2097","User should see validation error when repeat new password is empty","Account","2026-09-13","passed","2026-09-13","Empty Repeat New Password","Candidate / Account Settings","",""
"","3150","User should update desired annual base salary","Account","2026-09-13","passed","2026-09-13","Update Desired Annual Base Salary","Candidate / Edit Profile / Expectations","",""
"","2221","Newsletter should show error when email is empty","Jobs","2026-09-13","passed","2026-09-13","Empty Email Subscribe Newsletter","Guest","",""
"","14049","User should register with valid required-only fields","Auth","2026-09-13","passed","2026-09-13","Valid Required Fields","Sign Up / Candidate","",""
"","2000","User should see validation error when repeat new password is empty","Account","2026-09-13","passed","2026-09-13","Empty Repeat New Password","Recruiter / Account Settings","",""
"","13098","User should register with all valid fields","Auth","2026-09-13","passed","2026-09-13","All Valid Fields","Sign Up / Recruiter","",""
"","4035","User should update job experience","Account","2026-09-13","passed","2026-09-13","Update Job Experience","Candidate / Edit Profile / Experience","",""
